part,name_ru,kind,od_mm,wall_mm,id_mm,developed_len_mm,n_straight,straight_lens_mm,n_bends,bend_angles_deg,bend_radius_mm,mass_kg,x0,y0,z0,x1,y1,z1,z_min,z_max
01_front,"Приёмная: от штатного шарового за 2-м лямбда-зондом (кат, гофра, оба зонда сохранены); ступенька по высоте 60 мм гибами 7.5°",tube,63.5,1.5,60.5,1404.5,3,220; 456; 707,2,7.5P; 7.5P,82.5,3.24,-150,-40,390,1250,0,329,297.4,421.8
03_mid,Магистраль резонатор → Y (прямая),tube,63.5,1.5,60.5,650.0,1,650,0,,,1.5,1250,0,330,1900,0,330,298.2,361.8
04_leg_L,"Ножка Y L: гиб 22.5° + прямая, вход в банку под углом",tube,57.0,1.5,54.0,1020.2,2,200; 791,1,22.5Y,74.1,2.11,1900,0,330,2860,303,330,301.5,358.5
04_leg_R,"Ножка Y R: гиб 22.5° + прямая, вход в банку под углом",tube,57.0,1.5,54.0,1020.2,2,200; 791,1,22.5Y,74.1,2.11,1900,0,330,2860,-303,330,301.5,358.5
05_box_L,"Банка L: овал 380×230×140, сердечник Ø51 (perf ≥30 %), 2 перегородки, набивка, вход Ø57 под 22.5°",box,380x230x140,1.2,core Ø51,,,,,завальцовка 2 шва,,4.03,2860,248,255,3240,478,395,255.0,395.0
05_box_R,"Банка R: овал 380×230×140, сердечник Ø51 (perf ≥30 %), 2 перегородки, набивка, вход Ø57 под 22.5°",box,380x230x140,1.2,core Ø51,,,,,завальцовка 2 шва,,4.03,2860,-478,255,3240,-248,395,255.0,395.0
06_tail_L,Хвост L Ø51 (гиб 22.5° к краю),tube,51.0,1.5,48.0,193.1,2,60; 107,1,22.5Y,66.3,0.36,3240,444,325,3425,486,325,299.5,350.5
06_tail_R,Хвост R Ø51 (гиб 22.5° к краю),tube,51.0,1.5,48.0,193.1,2,60; 107,1,22.5Y,66.3,0.36,3240,-444,325,3425,-486,325,299.5,350.5
07_tip_L,Насадка Ø89 (в окне бампера),tube,89.0,1.0,87.0,190.0,1,190,0,,,0.42,3425,486,325,3601,558,327,280.5,371.2
07_tip_R,Насадка Ø89 (в окне бампера),tube,89.0,1.0,87.0,190.0,1,190,0,,,0.42,3425,-486,325,3601,-558,327,280.5,371.2
