item,qty,note
Труба Ø60.5×1.5 AISI 304L,1 хлыст 6 м,главная + запас на перемычки
Труба Ø51.0×1.5 AISI 304L,2 м + 1.5 м,ножки Y (×2); хвосты (×2)
Труба Ø76.0×1.0 AISI 304L,0.6 м,насадки (×2)
"Заготовка банки 420×250×150, корпус 1.2 / крышка 1.5",2 шт,или готовая банка с сердечником
"Труба перфорированная Ø45, шаг 8, живое сечение ≥30 %",1.8 м,сердечники 2 банок + резонатор
Набивка базальт/стекловолокно 100-128 кг/м³,~1.6 кг,"по 2 слоя, не трамбовать"
"Гиб мандрел, угол 7.5-45°",6 шт,см. bends.csv
Хомут нерж. 12 мм под болт M8,6 шт,стык шаровой + 2 банки + резонатор + 2 хвоста
Прокладка шарового соединения,1 шт,или ремкомплект шарового
Резиновый подвес Ø14 / Ø12,4 + 4 шт,3 штатных точки + новые
Кронштейн под банку (полоса 25×4),4 шт,под новые точки H4/H5
Экран теплоотражающий 0.8 мм алюм.,0.5 м²,над баком и тормозной трубкой
Дренаж,3 отв. Ø4.5,банка L/R + резонатор
